,text,correct_labels
0,but nice hotel for budget traveller .,"[{'aspect': 'budget', 'opinion': 'nice', 'polarity': 'POS', 'category': 'HOTEL#PRICE'}]"
1,We moved to this Hotel because its closer to the Double Six Beach .,"[{'aspect': 'Hotel', 'opinion': 'moved', 'polarity': 'NEU', 'category': 'LOCATION#GENERAL'}, {'aspect': 'Beach', 'opinion': 'closer', 'polarity': 'POS', 'category': 'LOCATION#VIEW'}]"
2,"The room smelled very musty , it was unclean and dirty .","[{'aspect': 'room', 'opinion': 'smelled', 'polarity': 'NEG', 'category': 'ROOM#CLEANLINESS'}, {'aspect': 'room', 'opinion': 'unclean', 'polarity': 'NEG', 'category': 'ROOM#CLEANLINESS'}, {'aspect': 'room', 'opinion': 'dirty', 'polarity': 'NEG', 'category': 'ROOM#CLEANLINESS'}]"
3,"My duvet cover had some brown undefined stains , it looked like fecal .","[{'aspect': 'duvet cover', 'opinion': 'stains', 'polarity': 'NEG', 'category': 'ROOM#CLEANLINESS'}]"
4,"The wifi was appalling , the pool area was completely inadequate , without any loungers or even any space for lounging for that matter .","[{'aspect': 'wifi', 'opinion': 'appalling', 'polarity': 'NEG', 'category': 'FACILITY#WIFI'}, {'aspect': 'pool area', 'opinion': 'inadequate', 'polarity': 'NEG', 'category': 'FACILITY#POOL'}]"
5,"The room had a distinct smell of drains , and was smaller than your average boat cabin .","[{'aspect': 'room', 'opinion': 'smell', 'polarity': 'NEG', 'category': 'ROOM#CLEANLINESS'}]"
6,"This hotel was clean and had a fantastic price ! Perfect for the solo traveler as the rooms are small , but for the price it can ' t be beat ! The spa was terrific as well ! I would stay there again ! Located close enough to walk to beach and all the shopping and local restaurants .","[{'aspect': 'hotel', 'opinion': 'clean', 'polarity': 'POS', 'category': 'HOTEL#CLEANLINESS'}, {'aspect': 'price', 'opinion': 'fantastic', 'polarity': 'POS', 'category': 'HOTEL#PRICE'}, {'aspect': 'rooms', 'opinion': 'small', 'polarity': 'NEG', 'category': 'ROOM#SPACE'}, {'aspect': 'price', 'opinion': ""can ' t be beat"", 'polarity': 'POS', 'category': 'HOTEL#PRICE'}, {'aspect': 'spa', 'opinion': 'terrific', 'polarity': 'POS', 'category': 'FACILITY#EXPERIENCE'}, {'aspect': 'Located', 'opinion': 'close', 'polarity': 'POS', 'category': 'LOCATION#GENERAL'}]"
7,Great value .,"[{'aspect': 'value', 'opinion': 'Great', 'polarity': 'POS', 'category': 'HOTEL#PRICE'}]"
8,Great location .,"[{'aspect': 'location', 'opinion': 'Great', 'polarity': 'POS', 'category': 'LOCATION#GENERAL'}]"
9,Modern decor .,"[{'aspect': 'decor', 'opinion': 'Modern', 'polarity': 'POS', 'category': 'ROOM#AMBIENCE'}]"
10,Major let down is no pool to swim in .,"[{'aspect': 'pool', 'opinion': 'no', 'polarity': 'NEG', 'category': 'FACILITY#POOL'}]"
11,Well the tiny pool is next to the restaurant and not inviting for swimmers or sunbathers .,"[{'aspect': 'pool', 'opinion': 'tiny', 'polarity': 'NEG', 'category': 'FACILITY#POOL'}]"
12,Spa was AMAZING .,"[{'aspect': 'Spa', 'opinion': 'AMAZING', 'polarity': 'POS', 'category': 'FACILITY#EXPERIENCE'}]"
13,Honestly best massage I had in Bali ! .,"[{'aspect': 'massage', 'opinion': 'best', 'polarity': 'POS', 'category': 'FACILITY#EXPERIENCE'}]"
14,Lovely place in great location .,"[{'aspect': 'place', 'opinion': 'Lovely', 'polarity': 'POS', 'category': 'LOCATION#GENERAL'}, {'aspect': 'location', 'opinion': 'great', 'polarity': 'POS', 'category': 'LOCATION#GENERAL'}]"
15,Walking distance to beaches and great restaurants .,"[{'aspect': 'restaurants', 'opinion': 'great', 'polarity': 'POS', 'category': 'FOOD#GENERAL'}]"
16,In house spa that is a magnificent experience with ginger tea to begin and end massage .,"[{'aspect': 'spa', 'opinion': 'magnificent', 'polarity': 'POS', 'category': 'FACILITY#EXPERIENCE'}]"
17,Staff are gorgeous and SO helpful .,"[{'aspect': 'Staff', 'opinion': 'gorgeous', 'polarity': 'POS', 'category': 'SERVICE#HOSPITALITY'}, {'aspect': 'Staff', 'opinion': 'helpful', 'polarity': 'POS', 'category': 'SERVICE#HOSPITALITY'}]"
18,I will stay again ! ! ! ! Pool is small but I went to the beach .,"[{'aspect': 'Pool', 'opinion': 'small', 'polarity': 'NEG', 'category': 'FACILITY#POOL'}]"
19,The rooms are small but have every thing you need except a fridge which did not bother me .,"[{'aspect': 'rooms', 'opinion': 'small', 'polarity': 'NEG', 'category': 'ROOM#SPACE'}, {'aspect': 'rooms', 'opinion': 'have every thing', 'polarity': 'POS', 'category': 'ROOM#AMENITIES'}]"
20,"Staff are great and helpfull , location 5 min to the beach and eats in both directions .","[{'aspect': 'Staff', 'opinion': 'great', 'polarity': 'POS', 'category': 'SERVICE#HOSPITALITY'}, {'aspect': 'Staff', 'opinion': 'helpfull', 'polarity': 'POS', 'category': 'SERVICE#HOSPITALITY'}]"
21,i got promo price 199k for one night .,"[{'aspect': 'price', 'opinion': 'promo', 'polarity': 'POS', 'category': 'HOTEL#PRICE'}]"
22,"pros : - they provide tv , safe deposit box - clean room , cozy bed , good aircon - they provide kiblat locator inside the desk and a bible .","[{'aspect': 'tv', 'opinion': 'provide', 'polarity': 'POS', 'category': 'ROOM#AMENITIES'}, {'aspect': 'safe deposit box', 'opinion': 'provide', 'polarity': 'POS', 'category': 'ROOM#AMENITIES'}, {'aspect': 'room', 'opinion': 'clean', 'polarity': 'POS', 'category': 'ROOM#CLEANLINESS'}, {'aspect': 'bed', 'opinion': 'cozy', 'polarity': 'POS', 'category': 'ROOM#BED'}, {'aspect': 'aircon', 'opinion': 'good', 'polarity': 'POS', 'category': 'ROOM#AIRCON'}]"
23,"We stayed 2 weeks , the staff have been more than accommodating , the rooms yes are small .","[{'aspect': 'rooms', 'opinion': 'small', 'polarity': 'NEG', 'category': 'ROOM#SPACE'}]"
24,"Ani the reception manager is amazing , during our time here we have had need to have a doctor visit , and she went above and beyond ( thank you Ani ) .","[{'aspect': 'manager', 'opinion': 'amazing', 'polarity': 'POS', 'category': 'SERVICE#ASSISTANCE'}]"
25,Clean and delicate rooms .,"[{'aspect': 'rooms', 'opinion': 'Clean', 'polarity': 'POS', 'category': 'ROOM#CLEANLINESS'}, {'aspect': 'rooms', 'opinion': 'delicate', 'polarity': 'POS', 'category': 'ROOM#CLEANLINESS'}]"
26,Great bed and linens .,"[{'aspect': 'bed', 'opinion': 'Great', 'polarity': 'POS', 'category': 'ROOM#BED'}, {'aspect': 'linens', 'opinion': 'Great', 'polarity': 'POS', 'category': 'ROOM#CLEANLINESS'}]"
27,"The rooms are a bit small , but no problem for us .","[{'aspect': 'rooms', 'opinion': 'small', 'polarity': 'NEG', 'category': 'ROOM#SPACE'}]"
28,Pool area is in the lobby / restaurant and is not that appealing .,"[{'aspect': 'Pool area', 'opinion': 'not that appealing', 'polarity': 'NEG', 'category': 'FACILITY#POOL'}]"
29,Small but good breakfast .,"[{'aspect': 'breakfast', 'opinion': 'Small', 'polarity': 'NEG', 'category': 'FOOD#CHOICE'}, {'aspect': 'breakfast', 'opinion': 'good', 'polarity': 'POS', 'category': 'FOOD#GENERAL'}]"
30,New menu every day .,"[{'aspect': 'menu', 'opinion': 'New', 'polarity': 'POS', 'category': 'FOOD#CHOICE'}]"
31,Good hotel with excellent location for the beach and seminyak .,"[{'aspect': 'hotel', 'opinion': 'Good', 'polarity': 'POS', 'category': 'HOTEL#GENERAL'}, {'aspect': 'location', 'opinion': 'excellent', 'polarity': 'POS', 'category': 'LOCATION#GENERAL'}]"
32,Breakfast is not worth it and the pool is questionable as a pool .,"[{'aspect': 'Breakfast', 'opinion': 'not worth it', 'polarity': 'NEG', 'category': 'FOOD#PRICE'}, {'aspect': 'pool', 'opinion': 'questionable', 'polarity': 'NEG', 'category': 'FACILITY#POOL'}]"
33,We arrived late on our first night and the restaurant cooked us a nice meal at about 9 : 30 .,"[{'aspect': 'restaurant', 'opinion': 'nice meal', 'polarity': 'POS', 'category': 'FOOD#TASTE'}]"
34,Staff are very friendly and helpful Spa is good .,"[{'aspect': 'Staff', 'opinion': 'friendly', 'polarity': 'POS', 'category': 'SERVICE#HOSPITALITY'}, {'aspect': 'Staff', 'opinion': 'helpful', 'polarity': 'POS', 'category': 'SERVICE#HOSPITALITY'}, {'aspect': 'Spa', 'opinion': 'good', 'polarity': 'POS', 'category': 'FACILITY#EXPERIENCE'}]"
35,"For the price , this hotel is outstanding ! Lovely room although a little small , extremely clean , great staff and a lovely cheap spa .","[{'aspect': 'price', 'opinion': 'outstanding', 'polarity': 'POS', 'category': 'HOTEL#PRICE'}, {'aspect': 'hotel', 'opinion': 'outstanding', 'polarity': 'POS', 'category': 'HOTEL#GENERAL'}, {'aspect': 'room', 'opinion': 'Lovely', 'polarity': 'POS', 'category': 'ROOM#AMBIENCE'}, {'aspect': 'room', 'opinion': 'small', 'polarity': 'NEG', 'category': 'ROOM#AMBIENCE'}, {'aspect': 'room', 'opinion': 'clean', 'polarity': 'POS', 'category': 'ROOM#CLEANLINESS'}, {'aspect': 'staff', 'opinion': 'great', 'polarity': 'POS', 'category': 'SERVICE#HOSPITALITY'}, {'aspect': 'spa', 'opinion': 'lovely', 'polarity': 'POS', 'category': 'FACILITY#GENERAL'}, {'aspect': 'spa', 'opinion': 'cheap', 'polarity': 'POS', 'category': 'FACILITY#PRICE'}]"
36,Didn ' t get a free breakfast so can ' t comment on that .,"[{'aspect': 'breakfast', 'opinion': ""Didn ' t get a free"", 'polarity': 'NEG', 'category': 'FOOD#PRICE'}]"
37,Excellent location so near the beach and lots of bars shops and restaurants .,"[{'aspect': 'location', 'opinion': 'Excellent', 'polarity': 'POS', 'category': 'LOCATION#GENERAL'}]"
38,Location perfect .,"[{'aspect': 'Location', 'opinion': 'perfect', 'polarity': 'POS', 'category': 'LOCATION#GENERAL'}]"
39,Breakfast perfect .,"[{'aspect': 'Breakfast', 'opinion': 'perfect', 'polarity': 'POS', 'category': 'FOOD#TASTE'}]"
40,Room small but comfortable .,"[{'aspect': 'Room', 'opinion': 'small', 'polarity': 'NEG', 'category': 'ROOM#SPACE'}, {'aspect': 'Room', 'opinion': 'comfortable', 'polarity': 'POS', 'category': 'ROOM#EXPERIENCE'}]"
41,Pity the hotel is incomplete and looks nothing like the picture on website .,"[{'aspect': 'hotel', 'opinion': 'incomplete', 'polarity': 'NEG', 'category': 'HOTEL#GENERAL'}]"
42,Staff were extremely helpful .,"[{'aspect': 'Staff', 'opinion': 'helpful', 'polarity': 'POS', 'category': 'SERVICE#HOSPITALITY'}]"
43,Will surely come back ! It ' s my first time in Bali and this is the only hotel that ' s conveniently located at the beach and affordable .,"[{'aspect': 'hotel', 'opinion': 'conveniently located', 'polarity': 'POS', 'category': 'LOCATION#TRANSPORT_HUB'}, {'aspect': 'hotel', 'opinion': 'affordable', 'polarity': 'POS', 'category': 'HOTEL#PRICE'}]"
44,"Although the pool is under renovation , i think over - all it ' s still okay .","[{'aspect': 'pool', 'opinion': 'under renovation', 'polarity': 'NEG', 'category': 'FACILITY#MAINTAIN'}]"
45,"the towel was dirty , the hot water wasn ' t working , the wifi was poor .","[{'aspect': 'towel', 'opinion': 'dirty', 'polarity': 'NEG', 'category': 'ROOM#CLEANLINESS'}, {'aspect': 'hot water', 'opinion': ""wasn ' t working"", 'polarity': 'NEG', 'category': 'ROOM#MAINTAIN'}, {'aspect': 'wifi', 'opinion': 'poor', 'polarity': 'NEG', 'category': 'FACILITY#WIFI'}]"
46,"i ordered for the breakfast , and that was the worst breakfast ever ! ! the coffee was bad , so does the orange juice .","[{'aspect': 'breakfast', 'opinion': 'worst', 'polarity': 'NEG', 'category': 'FOOD#GENERAL'}, {'aspect': 'coffee', 'opinion': 'bad', 'polarity': 'NEG', 'category': 'FOOD#TASTE'}, {'aspect': 'orange juice', 'opinion': 'bad', 'polarity': 'NEG', 'category': 'FOOD#TASTE'}]"
47,This place is perfect base for any traveller .,"[{'aspect': 'place', 'opinion': 'perfect', 'polarity': 'POS', 'category': 'HOTEL#GENERAL'}]"
48,Location only a short walk to the beach .,"[{'aspect': 'Location', 'opinion': 'short walk', 'polarity': 'POS', 'category': 'LOCATION#GENERAL'}]"
49,The staff were super friendly and were always around to help and answer questions .,"[{'aspect': 'staff', 'opinion': 'friendly', 'polarity': 'POS', 'category': 'SERVICE#HOSPITALITY'}, {'aspect': 'staff', 'opinion': 'always around', 'polarity': 'POS', 'category': 'SERVICE#GENERAL'}]"
50,Shower was average and could hear noise from outside but was bearable .,"[{'aspect': 'Shower', 'opinion': 'average', 'polarity': 'NEU', 'category': 'ROOM#BATHROOM'}, {'aspect': 'noise', 'opinion': 'could hear', 'polarity': 'NEG', 'category': 'ROOM#AMBIENCE'}]"
51,The rooms are modern with clean facilities .,"[{'aspect': 'rooms', 'opinion': 'modern', 'polarity': 'POS', 'category': 'ROOM#AMBIENCE'}, {'aspect': 'facilities', 'opinion': 'clean', 'polarity': 'POS', 'category': 'FACILITY#CLEANLINESS'}]"
52,The hotelmstaff is friendly and helpful .,"[{'aspect': 'hotelmstaff', 'opinion': 'friendly', 'polarity': 'POS', 'category': 'SERVICE#HOSPITALITY'}, {'aspect': 'hotelmstaff', 'opinion': 'helpful', 'polarity': 'POS', 'category': 'SERVICE#ASSISTANCE'}]"
53,Good value for the price you pay per room .,"[{'aspect': 'price', 'opinion': 'Good value', 'polarity': 'NEG', 'category': 'HOTEL#PRICE'}]"
54,The bathrooms were fair size but the room itself was pretty small .,"[{'aspect': 'bathrooms', 'opinion': 'fair size', 'polarity': 'NEU', 'category': 'ROOM#BATHROOM'}, {'aspect': 'room', 'opinion': 'small', 'polarity': 'NEG', 'category': 'ROOM#AMBIENCE'}]"
55,Overall it is an average hotel in Bali .,"[{'aspect': 'hotel', 'opinion': 'average', 'polarity': 'NEU', 'category': 'HOTEL#GENERAL'}]"
56,The food was decent but they charge more than the local restaurants for less food .,"[{'aspect': 'food', 'opinion': 'decent', 'polarity': 'NEU', 'category': 'FOOD#TASTE'}, {'aspect': 'charge', 'opinion': 'more', 'polarity': 'NEG', 'category': 'HOTEL#PRICE'}]"
57,"value for money , simple and clean .","[{'aspect': 'money', 'opinion': 'value', 'polarity': 'POS', 'category': 'HOTEL#PRICE'}]"
58,"I booked way ahead of time and as a friend had stayed I requested a room that she stayed in , that was confirmed but on arrival the would not give me that room and gave me a room that was noisy and not what I wanted .","[{'aspect': 'room', 'opinion': 'noisy', 'polarity': 'NEG', 'category': 'ROOM#EXPERIENCE'}]"
59,The rooms were a little on the small side but new and clean and the AC worked well .,"[{'aspect': 'rooms', 'opinion': 'small', 'polarity': 'NEG', 'category': 'ROOM#SPACE'}, {'aspect': 'rooms', 'opinion': 'new', 'polarity': 'POS', 'category': 'ROOM#AMBIENCE'}, {'aspect': 'rooms', 'opinion': 'clean', 'polarity': 'POS', 'category': 'ROOM#CLEANLINESS'}, {'aspect': 'AC', 'opinion': 'worked well', 'polarity': 'POS', 'category': 'ROOM#AIRCON'}]"
60,The staff were very nice and they held our bags for 4 days while we went to a different area .,"[{'aspect': 'staff', 'opinion': 'nice', 'polarity': 'POS', 'category': 'SERVICE#HOSPITALITY'}]"
61,It ' s also a very good price for the area .,"[{'aspect': 'price', 'opinion': 'good', 'polarity': 'POS', 'category': 'HOTEL#PRICE'}]"
62,"( weekends ) Why ? Price - just great value ! Location - 200 metres from the beach , bars & restaurants Room - Small , basic , but clean and functional for a weekend break Staff - always friendly .","[{'aspect': 'Price', 'opinion': 'great value', 'polarity': 'POS', 'category': 'HOTEL#PRICE'}, {'aspect': 'Room', 'opinion': 'Small', 'polarity': 'NEG', 'category': 'ROOM#SPACE'}, {'aspect': 'Room', 'opinion': 'basic', 'polarity': 'NEU', 'category': 'ROOM#GENERAL'}, {'aspect': 'Room', 'opinion': 'clean', 'polarity': 'POS', 'category': 'ROOM#CLEANLINESS'}, {'aspect': 'Room', 'opinion': 'functional', 'polarity': 'NEU', 'category': 'ROOM#GENERAL'}, {'aspect': 'Staff', 'opinion': 'friendly', 'polarity': 'POS', 'category': 'SERVICE#HOSPITALITY'}]"
63,I stayed two nights with a friend and loved this place .,"[{'aspect': 'place', 'opinion': 'loved', 'polarity': 'POS', 'category': 'LOCATION#GENERAL'}]"
64,"It doesnt have a fridge or a iron but it doesnt matter as we ate out and got our ironing done around the corner for 50 cents a piece ! Fabulous friendly staff to greet us and in perfect location for beach , shops , restaurants etc .","[{'aspect': 'fridge', 'opinion': 'doesnt have', 'polarity': 'NEG', 'category': 'ROOM#FACILITY'}, {'aspect': 'iron', 'opinion': 'doesnt have', 'polarity': 'NEG', 'category': 'ROOM#FACILITY'}, {'aspect': 'staff', 'opinion': 'friendly', 'polarity': 'POS', 'category': 'SERVICE#HOSPITALITY'}, {'aspect': 'location', 'opinion': 'perfect', 'polarity': 'POS', 'category': 'LOCATION#GENERAL'}]"
65,This is a fairly new hotel & being only a few hundred metres to the beach & within walking distance to the shops it is well located .,"[{'aspect': 'hotel', 'opinion': 'new', 'polarity': 'POS', 'category': 'HOTEL#AMBIENCE'}, {'aspect': 'beach', 'opinion': 'walking distance', 'polarity': 'POS', 'category': 'LOCATION#ATTRACTIONS'}, {'aspect': 'hotel', 'opinion': 'well located', 'polarity': 'POS', 'category': 'LOCATION#GENERAL'}]"
66,A nice and cheap place to stay in ! Close to seminyak beach .,"[{'aspect': 'place', 'opinion': 'nice', 'polarity': 'POS', 'category': 'HOTEL#GENERAL'}, {'aspect': 'place', 'opinion': 'cheap', 'polarity': 'POS', 'category': 'HOTEL#PRICE'}]"
67,Room is small but sufficient if all ure after is a place to sleep in .,"[{'aspect': 'Room', 'opinion': 'small', 'polarity': 'NEG', 'category': 'ROOM#SPACE'}, {'aspect': 'Room', 'opinion': 'sufficient', 'polarity': 'NEU', 'category': 'ROOM#GENERAL'}]"
68,"Toilet , tv and airconditioner works well .","[{'aspect': 'Toilet', 'opinion': 'works well', 'polarity': 'POS', 'category': 'ROOM#BATHROOM'}, {'aspect': 'tv', 'opinion': 'works well', 'polarity': 'POS', 'category': 'ROOM#AMENITIES'}]"
69,Note that no breakfast is included .,"[{'aspect': 'no', 'opinion': 'breakfast', 'polarity': 'NEG', 'category': 'FOOD#GENERAL'}]"
70,The room is small but enough just to rest after out all day .,"[{'aspect': 'room', 'opinion': 'small', 'polarity': 'NEG', 'category': 'ROOM#AMBIENCE'}, {'aspect': 'room', 'opinion': 'enough', 'polarity': 'NEU', 'category': 'ROOM#SPACE'}]"
71,Cold room & hot shower is enough for us .,"[{'aspect': 'room', 'opinion': 'enough', 'polarity': 'NEU', 'category': 'ROOM#SPACE'}, {'aspect': 'shower', 'opinion': 'enough', 'polarity': 'NEU', 'category': 'ROOM#SPACE'}]"
72,"The hotel is brand new so its clean , bright but come with no breakfast but is not big problem since many restaurant around the hotel .","[{'aspect': 'hotel', 'opinion': 'brand new', 'polarity': 'POS', 'category': 'HOTEL#GENERAL'}, {'aspect': 'hotel', 'opinion': 'clean', 'polarity': 'POS', 'category': 'HOTEL#CLEANLINESS'}, {'aspect': 'hotel', 'opinion': 'clean', 'polarity': 'POS', 'category': 'HOTEL#CLEANLINESS'}, {'aspect': 'breakfast', 'opinion': 'no', 'polarity': 'NEG', 'category': 'FOOD#GENERAL'}, {'aspect': 'restaurant', 'opinion': 'many', 'polarity': 'POS', 'category': 'FOOD#CHOICE'}]"
73,Perfect ! Budget hotel with excellent service the value you got is much more than what you pay Staff : smiley and helpful all the times Room : cleanliness is ok the AC work very well the bed is very comfy linen very clean towels are fresh and enough amenities in place Location : just perfect in middle of every thing very safe neighborhood .,"[{'aspect': 'hotel', 'opinion': 'Budget', 'polarity': 'POS', 'category': 'HOTEL#PRICE'}, {'aspect': 'service', 'opinion': 'excellent', 'polarity': 'POS', 'category': 'SERVICE#GENERAL'}, {'aspect': 'value', 'opinion': 'more than what you pay', 'polarity': 'POS', 'category': 'HOTEL#PRICE'}, {'aspect': 'Staff', 'opinion': 'smiley', 'polarity': 'POS', 'category': 'SERVICE#HOSPITALITY'}, {'aspect': 'Staff', 'opinion': 'helpful', 'polarity': 'POS', 'category': 'SERVICE#HOSPITALITY'}, {'aspect': 'cleanliness', 'opinion': 'ok', 'polarity': 'NEU', 'category': 'ROOM#CLEANLINESS'}, {'aspect': 'AC', 'opinion': 'work very well', 'polarity': 'POS', 'category': 'ROOM#AIRCON'}, {'aspect': 'bed', 'opinion': 'comfy', 'polarity': 'POS', 'category': 'ROOM#BED'}, {'aspect': 'linen', 'opinion': 'clean', 'polarity': 'POS', 'category': 'ROOM#CLEANLINESS'}, {'aspect': 'towels', 'opinion': 'fresh', 'polarity': 'POS', 'category': 'ROOM#CLEANLINESS'}, {'aspect': 'amenities', 'opinion': 'enough', 'polarity': 'NEU', 'category': 'ROOM#AMENITIES'}, {'aspect': 'Location', 'opinion': 'perfect', 'polarity': 'POS', 'category': 'LOCATION#GENERAL'}, {'aspect': 'Location', 'opinion': 'safe', 'polarity': 'POS', 'category': 'LOCATION#GENERAL'}]"
74,Nice place located near to Seminyak beach .,"[{'aspect': 'place', 'opinion': 'Nice', 'polarity': 'POS', 'category': 'HOTEL#GENERAL'}, {'aspect': 'place', 'opinion': 'near', 'polarity': 'POS', 'category': 'LOCATION#GENERAL'}]"
75,Breakfast is very good .,"[{'aspect': 'Breakfast', 'opinion': 'good', 'polarity': 'POS', 'category': 'FOOD#TASTE'}]"
76,Many restaurants nearby & they do provide good bike rental options .,"[{'aspect': 'restaurants', 'opinion': 'Many', 'polarity': 'POS', 'category': 'FOOD#CHOICE'}, {'aspect': 'bike rental', 'opinion': 'good', 'polarity': 'POS', 'category': 'SERVICE#GENERAL'}]"
77,Friendly staff and good rate considering its location ! ☀ ️ Its a 5 - minute walk going to the beach wherein you can find variety of restaurants .,"[{'aspect': 'staff', 'opinion': 'Friendly', 'polarity': 'POS', 'category': 'SERVICE#HOSPITALITY'}, {'aspect': 'rate', 'opinion': 'good', 'polarity': 'POS', 'category': 'HOTEL#GENERAL'}, {'aspect': 'restaurants', 'opinion': 'variety', 'polarity': 'POS', 'category': 'FOOD#CHOICE'}]"
78,Quite expensive though so its better to eat first at Grandmas since their restau offers delicious food ! .,"[{'aspect': 'food', 'opinion': 'delicious', 'polarity': 'POS', 'category': 'FOOD#TASTE'}]"
79,I was in Grandmas Plus Hotel Siminyak .,"[{'aspect': 'Hotel', 'opinion': 'was in', 'polarity': 'NEU', 'category': 'HOTEL#SPACE'}]"
80,"The hotel is near to the beach , shops and restaurants .","[{'aspect': 'beach', 'opinion': 'near', 'polarity': 'POS', 'category': 'LOCATION#ATTRACTIONS'}, {'aspect': 'shops', 'opinion': 'near', 'polarity': 'POS', 'category': 'LOCATION#NEARBY_AMENITIES'}, {'aspect': 'restaurants', 'opinion': 'near', 'polarity': 'POS', 'category': 'LOCATION#NEARBY_AMENITIES'}]"
81,It was been a great experience .,"[{'aspect': 'experience', 'opinion': 'great', 'polarity': 'POS', 'category': 'HOTEL#EXPERIENCE'}]"
82,"I need to say thanks to a girl of the staff , Ani , she helped me in different situations .","[{'aspect': 'staff', 'opinion': 'helped', 'polarity': 'POS', 'category': 'SERVICE#ASSISTANCE'}]"
83,Pros : Bed Pillows Clean Rooms Cons : Noisy Smelling Rooms Taximafia that runs their transportation with double prices to normal .,"[{'aspect': 'Bed', 'opinion': 'Clean', 'polarity': 'POS', 'category': 'ROOM#CLEANLINESS'}, {'aspect': 'Pillows', 'opinion': 'Clean', 'polarity': 'POS', 'category': 'ROOM#CLEANLINESS'}, {'aspect': 'Rooms', 'opinion': 'Clean', 'polarity': 'POS', 'category': 'ROOM#CLEANLINESS'}, {'aspect': 'Rooms', 'opinion': 'Noisy', 'polarity': 'POS', 'category': 'ROOM#AMBIENCE'}, {'aspect': 'Rooms', 'opinion': 'Smelling', 'polarity': 'POS', 'category': 'ROOM#CLEANLINESS'}, {'aspect': 'prices', 'opinion': 'double', 'polarity': 'NEG', 'category': 'HOTEL#PRICE'}]"
84,The room was lovely and clean and everyone was very friendly .,"[{'aspect': 'room', 'opinion': 'lovely', 'polarity': 'POS', 'category': 'ROOM#AMBIENCE'}, {'aspect': 'room', 'opinion': 'clean', 'polarity': 'POS', 'category': 'ROOM#CLEANLINESS'}, {'aspect': 'everyone', 'opinion': 'friendly', 'polarity': 'POS', 'category': 'SERVICE#HOSPITALITY'}]"
85,The beach was very close and we used to pool to cool down on an afternoon ! There were cultural activities we were in invited to take part in and the centre of Seminyak wasn ’ t far at all to walk along the beach .,"[{'aspect': 'beach', 'opinion': 'close', 'polarity': 'POS', 'category': 'LOCATION#ATTRACTIONS'}, {'aspect': 'pool', 'opinion': 'used', 'polarity': 'NEU', 'category': 'FACILITY#POOL'}]"
86,All in all perfect for what we needed it for but rooms were a little small .,"[{'aspect': 'rooms', 'opinion': 'small', 'polarity': 'NEG', 'category': 'ROOM#SPACE'}]"
87,Booked this hotel for our last night in Bali .,"[{'aspect': 'hotel', 'opinion': 'Booked', 'polarity': 'NEU', 'category': 'HOTEL#GENERAL'}]"
88,"My room smelled like moth balls and dank basement - nice ! The room was extremely run down and as others have noticed , this hotel is extremely loud .","[{'aspect': 'room', 'opinion': 'smelled', 'polarity': 'NEG', 'category': 'ROOM#CLEANLINESS'}, {'aspect': 'room', 'opinion': 'run down', 'polarity': 'NEG', 'category': 'ROOM#GENERAL'}, {'aspect': 'hotel', 'opinion': 'loud', 'polarity': 'NEG', 'category': 'HOTEL#AMBIENCE'}]"
89,"Found all the staff wonderful , Ayu in the restaurant was extremely caring .","[{'aspect': 'staff', 'opinion': 'wonderful', 'polarity': 'POS', 'category': 'SERVICE#HOSPITALITY'}, {'aspect': 'staff', 'opinion': 'caring', 'polarity': 'POS', 'category': 'SERVICE#HOSPITALITY'}]"
90,But the owner was also there ( Sebastian ) he was so arrogant that it was an insult to us .,"[{'aspect': 'owner', 'opinion': 'arrogant', 'polarity': 'NEG', 'category': 'SERVICE#HOSPITALITY'}]"
91,"Firstly we stay in kuta location is very busy , then we move to seminyak we stayed here in last of november for a week with the good price .","[{'aspect': 'location', 'opinion': 'busy', 'polarity': 'NEG', 'category': 'LOCATION#MAIN_STREET'}, {'aspect': 'price', 'opinion': 'good', 'polarity': 'POS', 'category': 'HOTEL#PRICE'}]"
92,The room was fantastic n close to the spa ( Denyuh spa ) and the service perfect The breakfast is great .,"[{'aspect': 'room', 'opinion': 'fantastic', 'polarity': 'POS', 'category': 'ROOM#GENERAL'}, {'aspect': 'service', 'opinion': 'perfect', 'polarity': 'POS', 'category': 'SERVICE#GENERAL'}, {'aspect': 'breakfast', 'opinion': 'great', 'polarity': 'POS', 'category': 'FOOD#TASTE'}]"
93,The room was a bit small but cozy ( as a solo traveler the room size was okay for me ) Beach only 5 minutes walk .,"[{'aspect': 'room', 'opinion': 'small', 'polarity': 'NEG', 'category': 'ROOM#AMBIENCE'}, {'aspect': 'room', 'opinion': 'cozy', 'polarity': 'POS', 'category': 'ROOM#AMBIENCE'}]"
94,Spa in the building ( very convenient ) love the live music every night .,"[{'aspect': 'Spa', 'opinion': 'convenient', 'polarity': 'POS', 'category': 'SERVICE#AMENITIES'}, {'aspect': 'live music', 'opinion': 'love', 'polarity': 'POS', 'category': 'FACILITY#EXPERIENCE'}]"
95,The staffs were friendly and always cheerful .,"[{'aspect': 'staffs', 'opinion': 'friendly', 'polarity': 'POS', 'category': 'SERVICE#HOSPITALITY'}, {'aspect': 'staffs', 'opinion': 'cheerful', 'polarity': 'POS', 'category': 'SERVICE#HOSPITALITY'}]"
96,I was amazed at the value for money .,"[{'aspect': 'money', 'opinion': 'value', 'polarity': 'POS', 'category': 'HOTEL#PRICE'}]"
97,The room was small but modern and clean .,"[{'aspect': 'room', 'opinion': 'small', 'polarity': 'NEG', 'category': 'ROOM#AMBIENCE'}, {'aspect': 'room', 'opinion': 'modern', 'polarity': 'POS', 'category': 'ROOM#AMBIENCE'}, {'aspect': 'room', 'opinion': 'clean', 'polarity': 'POS', 'category': 'ROOM#CLEANLINESS'}]"
98,Great WI Fi .,"[{'aspect': 'WI Fi', 'opinion': 'Great', 'polarity': 'POS', 'category': 'FACILITY#WIFI'}]"
99,"Rooms are fine , But very small .","[{'aspect': 'Rooms', 'opinion': 'fine', 'polarity': 'NEU', 'category': 'ROOM#GENERAL'}, {'aspect': 'Rooms', 'opinion': 'small', 'polarity': 'NEU', 'category': 'ROOM#SPACE'}]"
100,"The pool is also very small , and always in the shade .","[{'aspect': 'pool', 'opinion': 'small', 'polarity': 'NEG', 'category': 'FACILITY#POOL'}]"
101,"When we afked for something in the reception they were kind , But never followed up on it .","[{'aspect': 'reception', 'opinion': 'kind', 'polarity': 'POS', 'category': 'SERVICE#HOSPITALITY'}]"
102,Maybe that ' s because it was end of the season and we got a good deal .,"[{'aspect': 'deal', 'opinion': 'good', 'polarity': 'POS', 'category': 'HOTEL#PRICE'}]"
103,"This modern , clean , well furnished hotel has the lot ! Excellent bed with quality linen .","[{'aspect': 'hotel', 'opinion': 'modern', 'polarity': 'POS', 'category': 'HOTEL#AMBIENCE'}, {'aspect': 'hotel', 'opinion': 'clean', 'polarity': 'POS', 'category': 'HOTEL#CLEANLINESS'}, {'aspect': 'hotel', 'opinion': 'well furnished', 'polarity': 'POS', 'category': 'HOTEL#MAINTAIN'}, {'aspect': 'bed', 'opinion': 'Excellent', 'polarity': 'POS', 'category': 'ROOM#BED'}, {'aspect': 'linen', 'opinion': 'quality', 'polarity': 'POS', 'category': 'ROOM#BED'}]"
104,"Warm , friendly service .","[{'aspect': 'service', 'opinion': 'Warm', 'polarity': 'POS', 'category': 'SERVICE#HOSPITALITY'}, {'aspect': 'service', 'opinion': 'friendly', 'polarity': 'POS', 'category': 'SERVICE#HOSPITALITY'}]"
105,Close to beach .,"[{'aspect': 'beach', 'opinion': 'Close', 'polarity': 'POS', 'category': 'LOCATION#ATTRACTIONS'}]"
106,Tiny swim pool but i was surfing so no matter .,"[{'aspect': 'swim pool', 'opinion': 'Tiny', 'polarity': 'NEG', 'category': 'FACILITY#POOL'}]"
107,"With a very affordable rate , Grandmas Seminyak is the perfect selection for our Seminyak ' s trip .","[{'aspect': 'rate', 'opinion': 'affordable', 'polarity': 'POS', 'category': 'HOTEL#PRICE'}]"
108,The staffs are also very quick to respond to our need .,"[{'aspect': 'staffs', 'opinion': 'quick', 'polarity': 'POS', 'category': 'SERVICE#HOSPITALITY'}]"
109,"Hotel room was clean and small but it was ok for that price , you need to bring own toiletries .","[{'aspect': 'room', 'opinion': 'clean', 'polarity': 'POS', 'category': 'ROOM#CLEANLINESS'}, {'aspect': 'room', 'opinion': 'small', 'polarity': 'NEG', 'category': 'ROOM#AMBIENCE'}, {'aspect': 'price', 'opinion': 'ok', 'polarity': 'NEU', 'category': 'HOTEL#PRICE'}, {'aspect': 'toiletries', 'opinion': 'need to bring', 'polarity': 'NEG', 'category': 'ROOM#AMENITIES'}]"
110,"Very near to the beach , only 5 - 7 min walk .","[{'aspect': 'beach', 'opinion': 'near', 'polarity': 'POS', 'category': 'LOCATION#ATTRACTIONS'}]"
111,"Leaking pipe , and bathroom .","[{'aspect': 'pipe', 'opinion': 'Leaking', 'polarity': 'NEG', 'category': 'ROOM#BATHROOM'}, {'aspect': 'bathroom', 'opinion': 'Leaking', 'polarity': 'NEG', 'category': 'ROOM#BATHROOM'}]"
112,No real window .,"[{'aspect': 'window', 'opinion': 'No real', 'polarity': 'NEG', 'category': 'ROOM#WINDOW'}]"
113,Paid too much to be in a prison like room .,"[{'aspect': 'room', 'opinion': 'prison like', 'polarity': 'POS', 'category': 'ROOM#SPACE'}]"
114,Grandmas Seminyak hotel is a good hotel for the budget traveler .,"[{'aspect': 'budget', 'opinion': 'good', 'polarity': 'POS', 'category': 'HOTEL#PRICE'}]"
115,"It is very well situated , it is close to the beach ( about 300 meters ) , there are lots of restaurants close by and the shops are also all around in the area .","[{'aspect': 'situated', 'opinion': 'well', 'polarity': 'POS', 'category': 'LOCATION#GENERAL'}, {'aspect': 'beach', 'opinion': 'close', 'polarity': 'POS', 'category': 'LOCATION#ATTRACTIONS'}, {'aspect': 'restaurants', 'opinion': 'lots', 'polarity': 'POS', 'category': 'LOCATION#ENTERTAINMENT'}, {'aspect': 'shops', 'opinion': 'all around', 'polarity': 'POS', 'category': 'LOCATION#ENTERTAINMENT'}]"
116,Nice very clean Great location But the room is so small u are one step away from the toilet one step away from the bed .,"[{'aspect': 'location', 'opinion': 'clean', 'polarity': 'POS', 'category': 'LOCATION#GENERAL'}, {'aspect': 'room', 'opinion': 'small', 'polarity': 'NEG', 'category': 'ROOM#AMBIENCE'}]"
117,Cheap place .,"[{'aspect': 'place', 'opinion': 'Cheap', 'polarity': 'POS', 'category': 'HOTEL#PRICE'}]"
118,Clean and modern hotel with great amenities such as free mountain bike hire to guests .,"[{'aspect': 'hotel', 'opinion': 'Clean', 'polarity': 'POS', 'category': 'HOTEL#CLEANLINESS'}, {'aspect': 'hotel', 'opinion': 'and', 'polarity': 'POS', 'category': 'HOTEL#GENERAL'}, {'aspect': 'amenities', 'opinion': 'great', 'polarity': 'POS', 'category': 'ROOM#AMENITIES'}]"
119,Only complain wa the wifi was slow slow I would recommend this hotel .,"[{'aspect': 'wifi', 'opinion': 'slow', 'polarity': 'NEG', 'category': 'FACILITY#WIFI'}]"
120,if you ever stay at airasia ' s tune hotel then you can imagine the size of the room and its simplicity .,"[{'aspect': 'room', 'opinion': 'simplicity', 'polarity': 'POS', 'category': 'ROOM#GENERAL'}]"
121,"but for the price , sure it ' s reasonable and you get breakfast as well .","[{'aspect': 'price', 'opinion': 'reasonable', 'polarity': 'NEU', 'category': 'HOTEL#PRICE'}, {'aspect': 'breakfast', 'opinion': 'get', 'polarity': 'POS', 'category': 'FOOD#GENERAL'}]"
122,walkable to seminyak beach but you do need car / motorbike to explore the area to find good restaurant .,"[{'aspect': 'beach', 'opinion': 'walkable', 'polarity': 'POS', 'category': 'LOCATION#ATTRACTIONS'}, {'aspect': 'restaurant', 'opinion': 'good', 'polarity': 'POS', 'category': 'LOCATION#GENERAL'}]"
123,We got the comfortable room .,"[{'aspect': 'room', 'opinion': 'comfortable', 'polarity': 'POS', 'category': 'ROOM#EXPERIENCE'}]"
124,Good service and friendly staff .,"[{'aspect': 'service', 'opinion': 'Good', 'polarity': 'POS', 'category': 'SERVICE#GENERAL'}, {'aspect': 'staff', 'opinion': 'friendly', 'polarity': 'POS', 'category': 'SERVICE#HOSPITALITY'}]"
125,Overall is good place to stay around seminyak .,"[{'aspect': 'place', 'opinion': 'good', 'polarity': 'POS', 'category': 'HOTEL#GENERAL'}]"
126,Staff were very friendly and nothing was much trouble .,"[{'aspect': 'Staff', 'opinion': 'friendly', 'polarity': 'POS', 'category': 'SERVICE#HOSPITALITY'}]"
127,"Our room was a bit dated and it was a musty smell , ants running on the wall .","[{'aspect': 'room', 'opinion': 'dated', 'polarity': 'NEG', 'category': 'ROOM#AMBIENCE'}, {'aspect': 'smell', 'opinion': 'musty', 'polarity': 'NEG', 'category': 'ROOM#CLEANLINESS'}]"
128,Shower tap was loose but it didn ' t really bother us .,"[{'aspect': 'Shower tap', 'opinion': 'loose', 'polarity': 'NEG', 'category': 'ROOM#BATHROOM'}]"
129,For the price that we paid we are very happy for our stay .,"[{'aspect': 'price', 'opinion': 'happy', 'polarity': 'POS', 'category': 'HOTEL#PRICE'}]"
130,Good location and would definitely recommend this hotel for travellers on a budget ! .,"[{'aspect': 'location', 'opinion': 'Good', 'polarity': 'POS', 'category': 'LOCATION#GENERAL'}]"
131,"Everything was great , other than the shower pressure ! Construction on the new restaurant was quite loud but when that ' s finished it should be all good .","[{'aspect': 'restaurant', 'opinion': 'loud', 'polarity': 'NEG', 'category': 'FOOD#GENERAL'}]"
132,"Friendly staff , always smiling and ready to help .","[{'aspect': 'staff', 'opinion': 'Friendly', 'polarity': 'POS', 'category': 'SERVICE#HOSPITALITY'}, {'aspect': 'staff', 'opinion': 'always smiling', 'polarity': 'POS', 'category': 'SERVICE#HOSPITALITY'}]"
133,"The location of the hotel is great - close to the beach and many places to shop , eat or go out for a drink .","[{'aspect': 'location', 'opinion': 'great', 'polarity': 'POS', 'category': 'LOCATION#GENERAL'}, {'aspect': 'beach', 'opinion': 'close', 'polarity': 'POS', 'category': 'LOCATION#ATTRACTIONS'}]"
134,The rooms are small but very clean with comfortable beds .,"[{'aspect': 'rooms', 'opinion': 'small', 'polarity': 'NEG', 'category': 'ROOM#SPACE'}, {'aspect': 'rooms', 'opinion': 'clean', 'polarity': 'NEG', 'category': 'ROOM#CLEANLINESS'}, {'aspect': 'beds', 'opinion': 'comfortable', 'polarity': 'POS', 'category': 'ROOM#BED'}]"
135,The staff is all extremely friendly ( with the exception of one girl who works in the restaurant and was always rude during breakfast .,"[{'aspect': 'staff', 'opinion': 'friendly', 'polarity': 'POS', 'category': 'SERVICE#HOSPITALITY'}, {'aspect': 'staff', 'opinion': 'rude', 'polarity': 'NEG', 'category': 'SERVICE#HOSPITALITY'}]"
136,Very nice hotel with a good location .,"[{'aspect': 'hotel', 'opinion': 'nice', 'polarity': 'POS', 'category': 'HOTEL#GENERAL'}, {'aspect': 'location', 'opinion': 'good', 'polarity': 'POS', 'category': 'LOCATION#GENERAL'}]"
137,"Near to La Plancha beach , double six and so much night club around this hotel .","[{'aspect': 'beach', 'opinion': 'Near', 'polarity': 'POS', 'category': 'LOCATION#ATTRACTIONS'}, {'aspect': 'night club', 'opinion': 'Near', 'polarity': 'POS', 'category': 'LOCATION#ENTERTAINMENT'}]"
138,Valueable price .,"[{'aspect': 'price', 'opinion': 'Valueable', 'polarity': 'POS', 'category': 'HOTEL#PRICE'}]"
139,"The room is small , but its fine enough for 2 persons .","[{'aspect': 'room', 'opinion': 'small', 'polarity': 'NEG', 'category': 'ROOM#AMBIENCE'}, {'aspect': 'room', 'opinion': 'fine', 'polarity': 'NEG', 'category': 'ROOM#GENERAL'}]"
140,Clean room n helpful staff .,"[{'aspect': 'room', 'opinion': 'Clean', 'polarity': 'NEG', 'category': 'ROOM#CLEANLINESS'}, {'aspect': 'staff', 'opinion': 'helpful', 'polarity': 'POS', 'category': 'SERVICE#HOSPITALITY'}]"
141,"this place was okey , if you need a place to sleep .","[{'aspect': 'place', 'opinion': 'okey', 'polarity': 'NEU', 'category': 'HOTEL#GENERAL'}]"
142,our room was very small and we had a window a a size of a cyclop .,"[{'aspect': 'room', 'opinion': 'small', 'polarity': 'NEG', 'category': 'ROOM#AMBIENCE'}, {'aspect': 'window', 'opinion': 'size of a cyclop', 'polarity': 'NEG', 'category': 'ROOM#WINDOW'}]"
143,Looking forward to staying at this hotel with a group of friends in July and decided to try it out in january .,"[{'aspect': 'hotel', 'opinion': 'Looking forward', 'polarity': 'POS', 'category': 'HOTEL#GENERAL'}]"
144,"The room was only big enough for one suitcase on the floor , the bathroom had an awful smell and the noise from the street made for a sleepless night .","[{'aspect': 'room', 'opinion': 'big enough for one', 'polarity': 'NEG', 'category': 'ROOM#SPACE'}, {'aspect': 'bathroom', 'opinion': 'awful smell', 'polarity': 'NEG', 'category': 'ROOM#BATHROOM'}, {'aspect': 'noise', 'opinion': 'sleepless', 'polarity': 'NEG', 'category': 'ROOM#EXPERIENCE'}]"
145,The room is too small max for 2 person .,"[{'aspect': 'room', 'opinion': 'too small', 'polarity': 'NEG', 'category': 'ROOM#SPACE'}]"
146,the window cant see outside because they put higher n very small .,"[{'aspect': 'window', 'opinion': 'cant see', 'polarity': 'NEG', 'category': 'ROOM#WINDOW'}]"
147,"no bath kit only towel , shampoo n soap .","[{'aspect': 'bath kit', 'opinion': 'no', 'polarity': 'NEG', 'category': 'ROOM#AMENITIES'}, {'aspect': 'towel', 'opinion': 'only', 'polarity': 'NEU', 'category': 'ROOM#AMENITIES'}]"
148,the pool also small .,"[{'aspect': 'pool', 'opinion': 'small', 'polarity': 'NEG', 'category': 'FACILITY#POOL'}]"
149,Location great too .,"[{'aspect': 'Location', 'opinion': 'great', 'polarity': 'POS', 'category': 'LOCATION#GENERAL'}]"
150,Stayed here two nights to get our bearings after landing in Bali and can ' t really fault it for the price .,"[{'aspect': 'price', 'opinion': ""can ' t really fault"", 'polarity': 'POS', 'category': 'HOTEL#PRICE'}]"
151,Breakfast not impressive .,"[{'aspect': 'Breakfast', 'opinion': 'not impressive', 'polarity': 'NEU', 'category': 'FOOD#GENERAL'}]"
152,"Very new , clean and extremely good value for money .","[{'aspect': 'value', 'opinion': 'good', 'polarity': 'POS', 'category': 'HOTEL#PRICE'}]"
153,2 mins walking distance from the beach .,"[{'aspect': 'beach', 'opinion': 'walking distance', 'polarity': 'POS', 'category': 'LOCATION#ATTRACTIONS'}]"
154,Good eating out options available nearby .,"[{'aspect': 'eating out', 'opinion': 'options available', 'polarity': 'POS', 'category': 'LOCATION#ENTERTAINMENT'}]"
155,Internet connection in my room was poor .,"[{'aspect': 'Internet connection', 'opinion': 'poor', 'polarity': 'NEG', 'category': 'FACILITY#WIFI'}]"
156,Spa was awesome .,"[{'aspect': 'Spa', 'opinion': 'awesome', 'polarity': 'POS', 'category': 'SERVICE#AMENITIES'}]"
157,"If you ever tried Tune hotel by AirAsia , well this hotel is just similiar , with nice excellent services , clean room even a bit small , with tv , air - con , hot water shower , but other value was they provide yummy food from the restaurant , quite cheap also .","[{'aspect': 'services', 'opinion': 'nice', 'polarity': 'POS', 'category': 'SERVICE#GENERAL'}, {'aspect': 'services', 'opinion': 'excellent', 'polarity': 'POS', 'category': 'SERVICE#HOSPITALITY'}, {'aspect': 'room', 'opinion': 'clean', 'polarity': 'POS', 'category': 'ROOM#CLEANLINESS'}, {'aspect': 'room', 'opinion': 'small', 'polarity': 'POS', 'category': 'ROOM#AMBIENCE'}, {'aspect': 'tv', 'opinion': 'with', 'polarity': 'NEU', 'category': 'ROOM#FACILITY'}, {'aspect': 'con', 'opinion': 'with', 'polarity': 'NEU', 'category': 'HOTEL#GENERAL'}, {'aspect': 'water shower', 'opinion': 'with', 'polarity': 'POS', 'category': 'ROOM#BATHROOM'}, {'aspect': 'food', 'opinion': 'yummy', 'polarity': 'POS', 'category': 'FOOD#TASTE'}]"
158,The rooms was clean but very small .,"[{'aspect': 'rooms', 'opinion': 'clean', 'polarity': 'POS', 'category': 'ROOM#CLEANLINESS'}, {'aspect': 'rooms', 'opinion': 'small', 'polarity': 'NEG', 'category': 'ROOM#SPACE'}]"
159,The wifi in our room didn ' t work throughout my stay .,"[{'aspect': 'wifi', 'opinion': ""didn ' t work"", 'polarity': 'NEG', 'category': 'FACILITY#WIFI'}]"
160,We stayed at Grandma ' s hotel only for a few nights but really enjoyed it .,"[{'aspect': 'hotel', 'opinion': 'stayed', 'polarity': 'NEU', 'category': 'HOTEL#GENERAL'}]"
161,The location is great and the staff is quite helpful .,"[{'aspect': 'location', 'opinion': 'great', 'polarity': 'POS', 'category': 'LOCATION#GENERAL'}, {'aspect': 'staff', 'opinion': 'helpful', 'polarity': 'POS', 'category': 'SERVICE#HOSPITALITY'}]"
162,"Although the rooms are very small , but quite new .","[{'aspect': 'rooms', 'opinion': 'small', 'polarity': 'NEG', 'category': 'ROOM#SPACE'}, {'aspect': 'rooms', 'opinion': 'new', 'polarity': 'POS', 'category': 'ROOM#AMBIENCE'}]"
163,The design is good .,"[{'aspect': 'design', 'opinion': 'good', 'polarity': 'POS', 'category': 'ROOM#GENERAL'}]"
164,"Every detail is nice for a budget hotel , but the wi fi was poor , and they didn ' t have a shower cap , and the breakfast is not include in the price , they said the management is different , which is odd .","[{'aspect': 'hotel', 'opinion': 'budget', 'polarity': 'POS', 'category': 'HOTEL#PRICE'}, {'aspect': 'wi fi', 'opinion': 'poor', 'polarity': 'NEG', 'category': 'FACILITY#WIFI'}, {'aspect': 'shower cap', 'opinion': ""didn ' t have"", 'polarity': 'NEG', 'category': 'ROOM#BATHROOM'}, {'aspect': 'breakfast', 'opinion': 'not include', 'polarity': 'NEG', 'category': 'FOOD#GENERAL'}]"
165,"It ' s a nice and clean budget hotel , with comfortable bed and nice shower .","[{'aspect': 'hotel', 'opinion': 'nice', 'polarity': 'POS', 'category': 'HOTEL#GENERAL'}, {'aspect': 'hotel', 'opinion': 'clean', 'polarity': 'POS', 'category': 'HOTEL#CLEANLINESS'}, {'aspect': 'hotel', 'opinion': 'budget', 'polarity': 'POS', 'category': 'HOTEL#PRICE'}, {'aspect': 'bed', 'opinion': 'comfortable', 'polarity': 'POS', 'category': 'ROOM#BED'}, {'aspect': 'shower', 'opinion': 'nice', 'polarity': 'POS', 'category': 'ROOM#BATHROOM'}]"
166,Too bad they didn ' t serve breakfast ( I stayed at the much cheaper budget hotel that still provides breakfast ) .,"[{'aspect': 'breakfast', 'opinion': ""didn ' t serve"", 'polarity': 'NEG', 'category': 'FOOD#GENERAL'}]"
167,"However , I appreciate their cleanliness , air - conditioned rooms , hot shower and room service .","[{'aspect': 'cleanliness', 'opinion': 'appreciate', 'polarity': 'POS', 'category': 'ROOM#CLEANLINESS'}]"
168,If you are looking for a budget hotel with no frills then Grandmas is a good option close to Seminiyak beach .,"[{'aspect': 'hotel', 'opinion': 'budget', 'polarity': 'POS', 'category': 'HOTEL#PRICE'}]"
169,I had a problem with the TV in the room and staff very efficient and got me another room immediately .,"[{'aspect': 'TV', 'opinion': 'problem', 'polarity': 'NEG', 'category': 'ROOM#FACILITY'}, {'aspect': 'staff', 'opinion': 'efficient', 'polarity': 'POS', 'category': 'SERVICE#HOSPITALITY'}]"
170,Wifi speed was average .,"[{'aspect': 'Wifi speed', 'opinion': 'average', 'polarity': 'NEU', 'category': 'FACILITY#WIFI'}]"
171,Overall for the price its very decent .,"[{'aspect': 'price', 'opinion': 'decent', 'polarity': 'POS', 'category': 'HOTEL#PRICE'}]"
172,"It ’ s a budget hotel , and for the price you can get a decent room with exceptional service for the price .","[{'aspect': 'hotel', 'opinion': 'budget', 'polarity': 'POS', 'category': 'HOTEL#PRICE'}, {'aspect': 'price', 'opinion': 'budget', 'polarity': 'POS', 'category': 'HOTEL#PRICE'}, {'aspect': 'room', 'opinion': 'decent', 'polarity': 'POS', 'category': 'ROOM#GENERAL'}, {'aspect': 'service', 'opinion': 'exceptional', 'polarity': 'POS', 'category': 'SERVICE#GENERAL'}]"
173,"The spa is one of the best I ’ ve had , and for an equally affordable price , even with a 20 % discount .","[{'aspect': 'spa', 'opinion': 'one of the best', 'polarity': 'POS', 'category': 'SERVICE#AMENITIES'}]"
174,We booked into Harris Hotel Bali for its location close to the airport as we had an 11pm flight .,"[{'aspect': 'Hotel', 'opinion': 'booked', 'polarity': 'NEU', 'category': 'HOTEL#GENERAL'}, {'aspect': 'location', 'opinion': 'close', 'polarity': 'POS', 'category': 'LOCATION#TRANSPORT_HUB'}]"
175,The room rate was great and we enjoyed some food and beverages whilst sitting around the pool .,"[{'aspect': 'rate', 'opinion': 'great', 'polarity': 'POS', 'category': 'HOTEL#PRICE'}, {'aspect': 'food', 'opinion': 'enjoyed', 'polarity': 'POS', 'category': 'FOOD#TASTE'}, {'aspect': 'beverages', 'opinion': 'enjoyed', 'polarity': 'POS', 'category': 'FOOD#GENERAL'}]"
176,Excellent location near airport .,"[{'aspect': 'location', 'opinion': 'Excellent', 'polarity': 'POS', 'category': 'LOCATION#GENERAL'}]"
177,Excellent service .,"[{'aspect': 'service', 'opinion': 'Excellent', 'polarity': 'POS', 'category': 'SERVICE#GENERAL'}]"
178,Friendly staffs .,"[{'aspect': 'staffs', 'opinion': 'Friendly', 'polarity': 'POS', 'category': 'SERVICE#HOSPITALITY'}]"
179,Value for money .,"[{'aspect': 'money', 'opinion': 'Value', 'polarity': 'POS', 'category': 'HOTEL#PRICE'}]"
180,There are reasonable varities / menu for breakfast .,"[{'aspect': 'menu', 'opinion': 'varities', 'polarity': 'POS', 'category': 'FOOD#CHOICE'}]"
181,We love everything about this hotel except for the shower floors They are slippery and there is nothing to grab onto if you need to stand on one foot .,"[{'aspect': 'hotel', 'opinion': 'love', 'polarity': 'POS', 'category': 'HOTEL#GENERAL'}, {'aspect': 'shower', 'opinion': 'slippery', 'polarity': 'NEG', 'category': 'ROOM#BATHROOM'}]"
182,They need rubber mats or to roughen up the shower floors .,"[{'aspect': 'rubber mats', 'opinion': 'need', 'polarity': 'NEG', 'category': 'ROOM#BATHROOM'}]"
183,Location and service are great ! .,"[{'aspect': 'Location', 'opinion': 'great', 'polarity': 'POS', 'category': 'LOCATION#GENERAL'}, {'aspect': 'service', 'opinion': 'great', 'polarity': 'POS', 'category': 'SERVICE#GENERAL'}]"
184,Booked a room for AUD $ 58 as our flight was a late evening departure .,"[{'aspect': 'room', 'opinion': 'Booked', 'polarity': 'NEU', 'category': 'ROOM#GENERAL'}]"
185,Simple and clean with working aircon and free transfer to the airport that departs on the hour .,"[{'aspect': 'aircon', 'opinion': 'working', 'polarity': 'POS', 'category': 'ROOM#AIRCON'}]"
186,"We just had a 2 night stay the suite by the pool was great , pool is very clean and large .","[{'aspect': 'pool', 'opinion': 'clean', 'polarity': 'POS', 'category': 'FACILITY#POOL'}, {'aspect': 'pool', 'opinion': 'large', 'polarity': 'POS', 'category': 'FACILITY#POOL'}]"
187,It was my sons birthday and the staff went out of their way to prepare a birthday cake and presented it with singing he was so excited .,"[{'aspect': 'staff', 'opinion': 'went out of their way', 'polarity': 'POS', 'category': 'SERVICE#HOSPITALITY'}]"
188,All around a great two nights and standard of room and small gym was better than expected .,"[{'aspect': 'standard', 'opinion': 'better than expected', 'polarity': 'POS', 'category': 'HOTEL#GENERAL'}]"
189,Great location especially with airport shuttle .,"[{'aspect': 'location', 'opinion': 'Great', 'polarity': 'POS', 'category': 'LOCATION#GENERAL'}]"
190,"The hotel is now very over priced , it has nearly doubled in price over the last year or 2 .","[{'aspect': 'priced', 'opinion': 'over', 'polarity': 'NEG', 'category': 'HOTEL#PRICE'}]"
191,Excellent service all around and very convenient to the airport .,"[{'aspect': 'service', 'opinion': 'service', 'polarity': 'POS', 'category': 'SERVICE#GENERAL'}]"
192,They organised a driver for me to visit Bali Bird Park at a reasonable rate .,"[{'aspect': 'rate', 'opinion': 'reasonable', 'polarity': 'NEU', 'category': 'HOTEL#PRICE'}]"
193,"Breakfast was ok , both western and local options in a buffet .","[{'aspect': 'Breakfast', 'opinion': 'ok', 'polarity': 'NEU', 'category': 'FOOD#TASTE'}]"
194,"Clean room , comfortable bed , nice food and extremely helpful staff .","[{'aspect': 'room', 'opinion': 'Clean', 'polarity': 'POS', 'category': 'ROOM#CLEANLINESS'}, {'aspect': 'bed', 'opinion': 'comfortable', 'polarity': 'POS', 'category': 'ROOM#BED'}, {'aspect': 'food', 'opinion': 'nice', 'polarity': 'POS', 'category': 'FOOD#TASTE'}, {'aspect': 'staff', 'opinion': 'helpful', 'polarity': 'POS', 'category': 'SERVICE#HOSPITALITY'}]"
195,Left a purse in room on return to Australia and a staff member has gone way beyond expectations in getting funds back to us .,"[{'aspect': 'staff', 'opinion': 'beyond expectations', 'polarity': 'POS', 'category': 'SERVICE#HOSPITALITY'}]"
196,"The room is nice and and very clean , though some amenities could use some update .","[{'aspect': 'room', 'opinion': 'nice', 'polarity': 'POS', 'category': 'ROOM#GENERAL'}, {'aspect': 'room', 'opinion': 'clean', 'polarity': 'POS', 'category': 'ROOM#CLEANLINESS'}, {'aspect': 'amenities', 'opinion': 'could use some update', 'polarity': 'NEG', 'category': 'FACILITY#MAINTAIN'}]"
197,"The staff is very friendly and helpful , making check in process smooth and easy .","[{'aspect': 'staff', 'opinion': 'friendly', 'polarity': 'POS', 'category': 'SERVICE#HOSPITALITY'}, {'aspect': 'staff', 'opinion': 'helpful', 'polarity': 'POS', 'category': 'SERVICE#HOSPITALITY'}]"
198,Breakfast area is very comfortable with many varieties of choices .,"[{'aspect': 'Breakfast', 'opinion': 'comfortable', 'polarity': 'POS', 'category': 'FOOD#GENERAL'}, {'aspect': 'Breakfast', 'opinion': 'varieties', 'polarity': 'POS', 'category': 'FOOD#CHOICE'}]"
199,Great hotel for transit .,"[{'aspect': 'hotel', 'opinion': 'Great', 'polarity': 'POS', 'category': 'HOTEL#GENERAL'}]"
200,Lonely staff too .,"[{'aspect': 'staff', 'opinion': 'Lonely', 'polarity': 'NEG', 'category': 'SERVICE#HOSPITALITY'}]"
201,"Arrived near midnight and left the next morning Lots of amenities , swimming pool , gym , etc Room kinda small but clean but well equipped .","[{'aspect': 'amenities', 'opinion': 'Lots', 'polarity': 'POS', 'category': 'ROOM#AMENITIES'}, {'aspect': 'Room', 'opinion': 'small', 'polarity': 'NEG', 'category': 'ROOM#SPACE'}, {'aspect': 'Room', 'opinion': 'clean', 'polarity': 'NEG', 'category': 'ROOM#CLEANLINESS'}, {'aspect': 'Room', 'opinion': 'well equipped', 'polarity': 'NEG', 'category': 'ROOM#AMENITIES'}]"
202,Free water dispenser provided throughout .,"[{'aspect': 'water dispenser', 'opinion': 'Free', 'polarity': 'POS', 'category': 'ROOM#AMENITIES'}]"
203,Everyone at the hotel are very friendly .,"[{'aspect': 'Everyone', 'opinion': 'friendly', 'polarity': 'POS', 'category': 'SERVICE#HOSPITALITY'}]"
204,"Facilities are okay , except that I heard unpleasant noise during night .","[{'aspect': 'Facilities', 'opinion': 'okay', 'polarity': 'NEU', 'category': 'FACILITY#GENERAL'}, {'aspect': 'noise', 'opinion': 'unpleasant', 'polarity': 'NEG', 'category': 'ROOM#EXPERIENCE'}]"
205,Clean room and super friendly staff .,"[{'aspect': 'room', 'opinion': 'Clean', 'polarity': 'POS', 'category': 'ROOM#CLEANLINESS'}, {'aspect': 'staff', 'opinion': 'friendly', 'polarity': 'POS', 'category': 'SERVICE#HOSPITALITY'}]"
206,After COVID their service has gone up that extra notch .,"[{'aspect': 'service', 'opinion': 'gone up', 'polarity': 'POS', 'category': 'SERVICE#GENERAL'}]"
207,"Staff are friendly , check in is smooth , rooms are clean and spacious .","[{'aspect': 'Staff', 'opinion': 'friendly', 'polarity': 'POS', 'category': 'SERVICE#HOSPITALITY'}, {'aspect': 'check in', 'opinion': 'smooth', 'polarity': 'POS', 'category': 'SERVICE#HOSPITALITY'}, {'aspect': 'rooms', 'opinion': 'clean', 'polarity': 'POS', 'category': 'ROOM#CLEANLINESS'}, {'aspect': 'rooms', 'opinion': 'spacious', 'polarity': 'POS', 'category': 'ROOM#SPACE'}]"
208,A Very good experience stay .,"[{'aspect': 'experience', 'opinion': 'good', 'polarity': 'POS', 'category': 'HOTEL#EXPERIENCE'}]"
209,"Room clean , food are ok .","[{'aspect': 'Room', 'opinion': 'clean', 'polarity': 'POS', 'category': 'ROOM#CLEANLINESS'}, {'aspect': 'food', 'opinion': 'ok', 'polarity': 'NEU', 'category': 'FOOD#TASTE'}]"
210,Service excellent .,"[{'aspect': 'Service', 'opinion': 'excellent', 'polarity': 'POS', 'category': 'SERVICE#GENERAL'}]"
211,"All staff are very friendly , thank you to all staff of Harris Hotel Kuta Tuban .","[{'aspect': 'staff', 'opinion': 'friendly', 'polarity': 'POS', 'category': 'SERVICE#HOSPITALITY'}]"
212,"Nice room , with aircon and Tv .","[{'aspect': 'room', 'opinion': 'Nice', 'polarity': 'POS', 'category': 'ROOM#GENERAL'}, {'aspect': 'aircon', 'opinion': 'with', 'polarity': 'NEU', 'category': 'ROOM#AIRCON'}, {'aspect': 'Tv', 'opinion': 'with', 'polarity': 'NEU', 'category': 'ROOM#FACILITY'}]"
213,Buffet breakfast with a lot of variety and good coffee .,"[{'aspect': 'breakfast', 'opinion': 'variety', 'polarity': 'POS', 'category': 'FOOD#GENERAL'}, {'aspect': 'coffee', 'opinion': 'good', 'polarity': 'POS', 'category': 'FOOD#TASTE'}]"
214,"Drainage smell in rooms , fungus on walls , filthy bathroom .","[{'aspect': 'rooms', 'opinion': 'smell', 'polarity': 'NEG', 'category': 'ROOM#CLEANLINESS'}, {'aspect': 'walls', 'opinion': 'fungus', 'polarity': 'NEG', 'category': 'ROOM#CLEANLINESS'}, {'aspect': 'bathroom', 'opinion': 'filthy', 'polarity': 'NEG', 'category': 'ROOM#BATHROOM'}]"
215,"Mattress old and bulky , so are pillow .","[{'aspect': 'old', 'opinion': 'and', 'polarity': 'NEG', 'category': 'HOTEL#MAINTAIN'}, {'aspect': 'old', 'opinion': '', 'polarity': 'NEG', 'category': 'HOTEL#MAINTAIN'}, {'aspect': '.', 'opinion': 'and', 'polarity': 'NEG', 'category': 'HOTEL#GENERAL'}]"
216,AC barely cooling .,"[{'aspect': 'barely', 'opinion': 'cooling .', 'polarity': 'NEG', 'category': 'ROOM#AIRCON'}]"
217,"We stayed on October 25 2018 and while we were eating breakfast , somebody went into our room and stole more than $ 1000 .","[{'aspect': 'somebody', 'opinion': 'stole', 'polarity': 'NEG', 'category': 'HOTEL#GENERAL'}]"
218,Air Conditioner was repaired after two days on repeated complaints .,"[{'aspect': 'Air Conditioner', 'opinion': 'complaints', 'polarity': 'NEG', 'category': 'ROOM#AIRCON'}]"
219,Long waiting for serving lunch from Ala Carte Menu .,"[{'aspect': 'lunch', 'opinion': 'Long waiting', 'polarity': 'NEG', 'category': 'FOOD#GENERAL'}]"
220,Bed for Kid wasn ' t good .,"[{'aspect': 'Bed', 'opinion': ""wasn ' t good"", 'polarity': 'NEG', 'category': 'ROOM#BED'}]"
221,Room makeup wasn ' t done efficiently .,"[{'aspect': 'Room makeup', 'opinion': ""wasn ' t done"", 'polarity': 'NEG', 'category': 'ROOM#MAINTAIN'}]"
222,Sudden Hot Water used to come in Shower ! Multiple time we had to activate the Key Cards .,"[{'aspect': 'Hot Water', 'opinion': 'used to come', 'polarity': 'NEG', 'category': 'ROOM#BATHROOM'}, {'aspect': 'Key Cards', 'opinion': 'had to activate', 'polarity': 'NEG', 'category': 'ROOM#AMENITIES'}]"
223,"at the neck of bali island , this awesome location provides easy access to both north and south bali .","[{'aspect': 'location', 'opinion': 'awesome', 'polarity': 'POS', 'category': 'LOCATION#GENERAL'}]"
224,hotel needs to re - touch for some repairs .,"[{'aspect': 'hotel', 'opinion': 'needs to re - touch', 'polarity': 'NEG', 'category': 'HOTEL#MAINTAIN'}]"
225,Easy access to hotel via airport shuttle .,"[{'aspect': 'hotel', 'opinion': 'Easy access', 'polarity': 'POS', 'category': 'LOCATION#TRANSPORT_HUB'}]"
226,"Friendly , helpful reception staff .","[{'aspect': 'staff', 'opinion': 'Friendly', 'polarity': 'POS', 'category': 'SERVICE#HOSPITALITY'}, {'aspect': 'staff', 'opinion': 'helpful', 'polarity': 'POS', 'category': 'SERVICE#HOSPITALITY'}]"
227,"Spacious , clean ( if basic ) room .","[{'aspect': 'room', 'opinion': 'Spacious', 'polarity': 'POS', 'category': 'ROOM#SPACE'}, {'aspect': 'room', 'opinion': 'clean', 'polarity': 'POS', 'category': 'ROOM#CLEANLINESS'}]"
228,Breakfast was OK .,"[{'aspect': 'Breakfast', 'opinion': 'OK', 'polarity': 'NEU', 'category': 'FOOD#TASTE'}]"
229,The hotel is conveniently located close to Denpasar airport and is a good place to stay for one night if transiting or catching an early flight .,"[{'aspect': 'hotel', 'opinion': 'conveniently located', 'polarity': 'POS', 'category': 'LOCATION#TRANSPORT_HUB'}]"
230,The rooms were simple and adequately clean - the halls were fairly run down .,"[{'aspect': 'rooms', 'opinion': 'simple', 'polarity': 'POS', 'category': 'ROOM#GENERAL'}, {'aspect': 'rooms', 'opinion': 'clean', 'polarity': 'POS', 'category': 'ROOM#CLEANLINESS'}, {'aspect': 'halls', 'opinion': 'run down', 'polarity': 'NEG', 'category': 'ROOM#GENERAL'}]"
231,The rooms facing the pool can be fairly load as the sound echoes a lot .,"[{'aspect': 'sound', 'opinion': 'echoes', 'polarity': 'NEG', 'category': 'ROOM#GENERAL'}]"
232,Staff was friendly .,"[{'aspect': 'Staff', 'opinion': 'friendly', 'polarity': 'POS', 'category': 'SERVICE#HOSPITALITY'}]"
233,The room were adequate in size .,"[{'aspect': 'room', 'opinion': 'adequate', 'polarity': 'POS', 'category': 'ROOM#GENERAL'}]"
234,The room was dusty and the towls not white .,"[{'aspect': 'room', 'opinion': 'dusty', 'polarity': 'NEG', 'category': 'ROOM#CLEANLINESS'}, {'aspect': 'towls', 'opinion': 'not white', 'polarity': 'NEG', 'category': 'ROOM#AMENITIES'}]"
235,The bathroom needs a good clean to remove soap stains off the bathroom door .,"[{'aspect': 'bathroom', 'opinion': 'needs a good clean', 'polarity': 'NEG', 'category': 'ROOM#BATHROOM'}]"
236,A Hotel in a good location .,"[{'aspect': '.', 'opinion': 'good', 'polarity': 'POS', 'category': 'HOTEL#GENERAL'}]"
237,Good service but needs attention when it comes to room cleaning .,"[{'aspect': 'service', 'opinion': 'Good', 'polarity': 'POS', 'category': 'SERVICE#GENERAL'}, {'aspect': 'room cleaning', 'opinion': 'needs attention', 'polarity': 'POS', 'category': 'SERVICE#ASSISTANCE'}]"
238,"Transit for 5 hours in Bali , booked this hotel from online travel agent .","[{'aspect': 'hotel', 'opinion': 'booked', 'polarity': 'NEU', 'category': 'HOTEL#GENERAL'}]"
239,the room is clean .,"[{'aspect': 'room', 'opinion': 'clean', 'polarity': 'POS', 'category': 'ROOM#CLEANLINESS'}]"
240,the environment is peaceful .,"[{'aspect': 'environment', 'opinion': 'peaceful', 'polarity': 'POS', 'category': 'ROOM#AMBIENCE'}]"
241,"Service is good , food is good , and pool / spa good .","[{'aspect': 'Service', 'opinion': 'good', 'polarity': 'POS', 'category': 'SERVICE#GENERAL'}, {'aspect': 'food', 'opinion': 'good', 'polarity': 'POS', 'category': 'FOOD#TASTE'}, {'aspect': 'pool', 'opinion': 'good', 'polarity': 'POS', 'category': 'FACILITY#POOL'}, {'aspect': 'spa', 'opinion': 'good', 'polarity': 'POS', 'category': 'SERVICE#AMENITIES'}]"
242,room is clean and efficient .,"[{'aspect': 'room', 'opinion': 'clean', 'polarity': 'POS', 'category': 'ROOM#CLEANLINESS'}, {'aspect': 'room', 'opinion': 'efficient', 'polarity': 'POS', 'category': 'ROOM#GENERAL'}]"
243,This hotel offers excellent 24 hour airport service for arrivals and departures .,"[{'aspect': 'airport service', 'opinion': 'excellent', 'polarity': 'POS', 'category': 'SERVICE#ASSISTANCE'}]"
244,"The rooms are clean , quiet and affordable .","[{'aspect': 'rooms', 'opinion': 'clean', 'polarity': 'POS', 'category': 'ROOM#CLEANLINESS'}, {'aspect': 'rooms', 'opinion': 'quiet', 'polarity': 'POS', 'category': 'ROOM#AMBIENCE'}, {'aspect': 'rooms', 'opinion': 'affordable', 'polarity': 'POS', 'category': 'HOTEL#PRICE'}]"
245,The free wifi is a tad slow but it gets there .,"[{'aspect': 'free wifi', 'opinion': 'tad slow', 'polarity': 'NEG', 'category': 'FACILITY#WIFI'}]"
246,Its about a 20min walk to Kuta otherwise the are plenty of taxis on the street .,"[{'aspect': 'taxis', 'opinion': 'plenty', 'polarity': 'POS', 'category': 'LOCATION#TRANSPORT_HUB'}]"
247,Its a great place to acclimatise .,"[{'aspect': 'place', 'opinion': 'great', 'polarity': 'POS', 'category': 'HOTEL#GENERAL'}]"
248,This place is ideal if you want to spend the night close to the airport .,"[{'aspect': 'place', 'opinion': 'ideal', 'polarity': 'POS', 'category': 'HOTEL#GENERAL'}]"
249,The rooms or rather small .,"[{'aspect': 'rooms', 'opinion': 'small', 'polarity': 'NEG', 'category': 'ROOM#SPACE'}]"
250,The breakfast is not included .,"[{'aspect': 'breakfast', 'opinion': 'not included', 'polarity': 'NEG', 'category': 'FOOD#GENERAL'}]"
251,"That makes this place overpriced , especially if you , like me , stay alone in the room .","[{'aspect': 'place', 'opinion': 'overpriced', 'polarity': 'NEG', 'category': 'HOTEL#PRICE'}]"
252,Staff is very helpfull .,"[{'aspect': 'Staff', 'opinion': 'helpfull', 'polarity': 'POS', 'category': 'SERVICE#HOSPITALITY'}]"
253,Really like this property .,"[{'aspect': 'property', 'opinion': 'like', 'polarity': 'POS', 'category': 'HOTEL#GENERAL'}]"
254,"The hotel is quiet , has lovely staff and is clean and tidy .","[{'aspect': 'hotel', 'opinion': 'quiet', 'polarity': 'POS', 'category': 'HOTEL#EXPERIENCE'}, {'aspect': 'hotel', 'opinion': 'clean', 'polarity': 'POS', 'category': 'HOTEL#CLEANLINESS'}, {'aspect': 'hotel', 'opinion': 'tidy', 'polarity': 'POS', 'category': 'HOTEL#CLEANLINESS'}, {'aspect': 'staff', 'opinion': 'lovely', 'polarity': 'POS', 'category': 'SERVICE#HOSPITALITY'}]"
255,Best of all the wifi works and is fast ! .,"[{'aspect': 'wifi', 'opinion': 'fast', 'polarity': 'POS', 'category': 'FACILITY#WIFI'}]"
256,"I stay for 2 days , this hotel is very close to airport due its location and bali airport are still under construction for new expanding .","[{'aspect': 'location', 'opinion': 'very close', 'polarity': 'POS', 'category': 'LOCATION#TRANSPORT_HUB'}]"
257,Hotel itself is not new interms of average .,"[{'aspect': 'Hotel', 'opinion': 'not new', 'polarity': 'NEG', 'category': 'HOTEL#GENERAL'}]"
258,"Service is convenient , breakfast are so so .","[{'aspect': 'Service', 'opinion': 'convenient', 'polarity': 'POS', 'category': 'SERVICE#GENERAL'}, {'aspect': 'breakfast', 'opinion': 'so so', 'polarity': 'NEU', 'category': 'FOOD#GENERAL'}]"
259,Service is also quite good .,"[{'aspect': 'Service', 'opinion': 'good', 'polarity': 'POS', 'category': 'SERVICE#GENERAL'}]"
260,The problem is a narrow parking place and uncomfortable plus the location is not strategic .,"[{'aspect': 'parking place', 'opinion': 'narrow', 'polarity': 'NEG', 'category': 'HOTEL#SPACE'}, {'aspect': 'location', 'opinion': 'not strategic', 'polarity': 'NEG', 'category': 'LOCATION#GENERAL'}]"
261,"Located near Ngurah Rai Airport and Kuta Beach , lots of local food around .","[{'aspect': 'Located', 'opinion': 'near', 'polarity': 'POS', 'category': 'LOCATION#TRANSPORT_HUB'}, {'aspect': 'food', 'opinion': 'lots', 'polarity': 'POS', 'category': 'FOOD#CHOICE'}]"
262,"Cozy room and fluffy pillows , the bathroom are clean , the water pressure is great .","[{'aspect': 'room', 'opinion': 'Cozy', 'polarity': 'POS', 'category': 'ROOM#AMBIENCE'}, {'aspect': 'pillows', 'opinion': 'fluffy', 'polarity': 'POS', 'category': 'ROOM#BED'}, {'aspect': 'bathroom', 'opinion': 'clean', 'polarity': 'POS', 'category': 'ROOM#BATHROOM'}, {'aspect': 'water pressure', 'opinion': 'great', 'polarity': 'POS', 'category': 'ROOM#BATHROOM'}]"
263,Too bad some of the ramp are too high for wheelchair .,"[{'aspect': 'ramp', 'opinion': 'too high', 'polarity': 'NEG', 'category': 'ROOM#BATHROOM'}]"
264,"And there is no mirror in the room , only in the bathroom .","[{'aspect': 'mirror', 'opinion': 'no', 'polarity': 'NEG', 'category': 'ROOM#FACILITY'}]"
265,But overall great place .,"[{'aspect': 'place', 'opinion': 'great', 'polarity': 'POS', 'category': 'HOTEL#GENERAL'}]"
266,Stayed in this hotel for 7 - hour room during transit .,"[{'aspect': 'hotel', 'opinion': 'Stayed', 'polarity': 'NEU', 'category': 'HOTEL#GENERAL'}]"
267,Love the minimalist design of the hotel .,"[{'aspect': 'design', 'opinion': 'minimalist', 'polarity': 'POS', 'category': 'HOTEL#AMBIENCE'}]"
268,"Rooms are clean , comfortable .","[{'aspect': 'Rooms', 'opinion': 'clean', 'polarity': 'POS', 'category': 'ROOM#CLEANLINESS'}, {'aspect': 'Rooms', 'opinion': 'comfortable', 'polarity': 'POS', 'category': 'ROOM#EXPERIENCE'}]"
269,Service is friendly .,"[{'aspect': 'Service', 'opinion': 'friendly', 'polarity': 'POS', 'category': 'SERVICE#HOSPITALITY'}]"
270,I like the hospitality .,"[{'aspect': 'hospitality', 'opinion': 'like', 'polarity': 'POS', 'category': 'SERVICE#HOSPITALITY'}]"
271,TV channel was awesome .,"[{'aspect': 'TV channel', 'opinion': 'awesome', 'polarity': 'POS', 'category': 'ROOM#EXPERIENCE'}]"
272,The internet was also fast .,"[{'aspect': 'internet', 'opinion': 'fast', 'polarity': 'POS', 'category': 'FACILITY#GENERAL'}]"
273,But the room is not carpet .,"[{'aspect': 'room', 'opinion': 'not carpet', 'polarity': 'NEG', 'category': 'ROOM#FACILITY'}]"
274,So I just feel not very comfortable with the wet / cool floor .,"[{'aspect': 'floor', 'opinion': 'wet', 'polarity': 'NEG', 'category': 'ROOM#CLEANLINESS'}, {'aspect': 'floor', 'opinion': 'cool', 'polarity': 'NEG', 'category': 'ROOM#CLEANLINESS'}]"
275,"I like the welcoming juice , where we can consume it always .","[{'aspect': 'juice', 'opinion': 'like', 'polarity': 'POS', 'category': 'HOTEL#EXPERIENCE'}]"
276,The room was clean .,"[{'aspect': 'room', 'opinion': 'clean', 'polarity': 'POS', 'category': 'ROOM#CLEANLINESS'}]"
277,"For the very low price I paid this was an excellent option , as I could relax and shower before going back to the airport for my long flight home .","[{'aspect': 'price', 'opinion': 'low', 'polarity': 'POS', 'category': 'HOTEL#PRICE'}]"
278,Harris is having excellent facilities including free Airport pick up and drop off .,"[{'aspect': 'facilities', 'opinion': 'excellent', 'polarity': 'POS', 'category': 'FACILITY#GENERAL'}, {'aspect': 'Airport pick up', 'opinion': 'free', 'polarity': 'POS', 'category': 'SERVICE#ASSISTANCE'}, {'aspect': 'drop off', 'opinion': 'free', 'polarity': 'POS', 'category': 'SERVICE#ASSISTANCE'}]"
279,Staff are friendly and food is great .,"[{'aspect': 'Staff', 'opinion': 'friendly', 'polarity': 'POS', 'category': 'SERVICE#HOSPITALITY'}, {'aspect': 'food', 'opinion': 'great', 'polarity': 'POS', 'category': 'FOOD#TASTE'}]"
280,Tried cafe couple of times food is nice .,"[{'aspect': 'food', 'opinion': 'nice', 'polarity': 'POS', 'category': 'FOOD#TASTE'}]"
281,Perfect for that purpose as it was close to he airport and hotel provided free shuttle from and to the airport 24 hours .,"[{'aspect': 'free', 'opinion': 'shuttle', 'polarity': 'POS', 'category': 'SERVICE#ASSISTANCE'}]"
282,Room was clean and functional .,"[{'aspect': 'Room', 'opinion': 'clean', 'polarity': 'POS', 'category': 'ROOM#CLEANLINESS'}, {'aspect': 'Room', 'opinion': 'functional', 'polarity': 'POS', 'category': 'ROOM#GENERAL'}]"
283,Staff were helpful and friendly .,"[{'aspect': 'Staff', 'opinion': 'helpful', 'polarity': 'POS', 'category': 'SERVICE#HOSPITALITY'}, {'aspect': 'Staff', 'opinion': 'friendly', 'polarity': 'POS', 'category': 'SERVICE#HOSPITALITY'}]"
284,"Arrived late at night and had an early AM departure to Gili islands , was fine for a sleep .","[{'aspect': 'sleep', 'opinion': 'fine', 'polarity': 'POS', 'category': 'ROOM#EXPERIENCE'}]"
285,nice pool and bar open til 1130 .,"[{'aspect': 'pool', 'opinion': 'nice', 'polarity': 'POS', 'category': 'FACILITY#POOL'}, {'aspect': 'bar', 'opinion': 'nice', 'polarity': 'POS', 'category': 'FACILITY#EXPERIENCE'}]"
286,I stayed in this hotel for only 1 night .,"[{'aspect': 'hotel', 'opinion': 'stayed', 'polarity': 'NEU', 'category': 'HOTEL#GENERAL'}]"
287,From outsude it looks basic but the rooms are below average .,"[{'aspect': 'looks', 'opinion': 'basic', 'polarity': 'NEU', 'category': 'ROOM#GENERAL'}, {'aspect': 'rooms', 'opinion': 'below average', 'polarity': 'NEG', 'category': 'ROOM#GENERAL'}]"
288,"Bathrooms are old and dirty , also bed sheets aren ' t clean , also the towels .","[{'aspect': 'Bathrooms', 'opinion': 'old', 'polarity': 'NEG', 'category': 'ROOM#BATHROOM'}, {'aspect': 'Bathrooms', 'opinion': 'dirty', 'polarity': 'NEG', 'category': 'ROOM#BATHROOM'}, {'aspect': 'bed sheets', 'opinion': ""aren ' t clean"", 'polarity': 'NEG', 'category': 'ROOM#CLEANLINESS'}, {'aspect': 'towels', 'opinion': ""aren ' t clean"", 'polarity': 'NEG', 'category': 'ROOM#CLEANLINESS'}]"
289,"we used to stay at other hotels in kuta on our last night as the plane always leaves in the early morning , always involving a large taxi fare or to much travalling time to get to airport , we then found the harris hotel , cheap , clean , free shuttle to airport , we stay with them every time we leave or arrive .","[{'aspect': 'hotel', 'opinion': 'cheap', 'polarity': 'POS', 'category': 'HOTEL#PRICE'}, {'aspect': 'hotel', 'opinion': 'clean', 'polarity': 'POS', 'category': 'HOTEL#CLEANLINESS'}]"
290,What a great experience .,"[{'aspect': 'experience', 'opinion': 'great', 'polarity': 'POS', 'category': 'HOTEL#EXPERIENCE'}]"
291,It was such a good idea ! Lovely staff and environment - great pool and amenities .,"[{'aspect': 'staff', 'opinion': 'Lovely', 'polarity': 'POS', 'category': 'SERVICE#HOSPITALITY'}, {'aspect': 'environment', 'opinion': 'Lovely', 'polarity': 'POS', 'category': 'HOTEL#AMBIENCE'}, {'aspect': 'pool', 'opinion': 'great', 'polarity': 'POS', 'category': 'FACILITY#POOL'}, {'aspect': 'amenities', 'opinion': 'great', 'polarity': 'POS', 'category': 'ROOM#AMENITIES'}]"
292,the staff is kind and the service is overall very good .,"[{'aspect': 'staff', 'opinion': 'kind', 'polarity': 'POS', 'category': 'SERVICE#HOSPITALITY'}, {'aspect': 'service', 'opinion': 'good', 'polarity': 'POS', 'category': 'SERVICE#GENERAL'}]"
293,It ' seems also good value .,"[{'aspect': 'value', 'opinion': 'good', 'polarity': 'POS', 'category': 'HOTEL#PRICE'}]"
294,The only thing I think should be improved is Internet speed and stability .,"[{'aspect': 'Internet speed', 'opinion': 'should be improved', 'polarity': 'POS', 'category': 'FACILITY#WIFI'}]"
295,"Basic , clean and good value for the price .","[{'aspect': 'value', 'opinion': 'good', 'polarity': 'POS', 'category': 'HOTEL#PRICE'}, {'aspect': 'price', 'opinion': 'good', 'polarity': 'POS', 'category': 'HOTEL#PRICE'}]"
296,Excellent room size and facilities Buffet breakfast - Indinesian and Western style food .,"[{'aspect': 'room size', 'opinion': 'Excellent', 'polarity': 'POS', 'category': 'ROOM#SPACE'}, {'aspect': 'facilities', 'opinion': 'Excellent', 'polarity': 'POS', 'category': 'FACILITY#GENERAL'}, {'aspect': 'breakfast', 'opinion': 'Indinesian', 'polarity': 'NEU', 'category': 'FOOD#CHOICE'}, {'aspect': 'breakfast', 'opinion': 'Western', 'polarity': 'NEU', 'category': 'FOOD#CHOICE'}]"
297,No lift so with heavy luggage a bit inconvenient .,"[{'aspect': 'lift', 'opinion': 'No', 'polarity': 'NEG', 'category': 'FACILITY#GENERAL'}]"
298,"Very reasonably priced , great service and nice breakfast buffet .","[{'aspect': 'priced', 'opinion': 'reasonably', 'polarity': 'NEU', 'category': 'HOTEL#PRICE'}, {'aspect': 'service', 'opinion': 'great', 'polarity': 'POS', 'category': 'SERVICE#GENERAL'}, {'aspect': 'breakfast', 'opinion': 'nice', 'polarity': 'POS', 'category': 'FOOD#TASTE'}]"
299,The rooms are basic and some have lots of stairwells to navigate but the concierge is there to assist .,"[{'aspect': 'rooms', 'opinion': 'basic', 'polarity': 'NEU', 'category': 'ROOM#GENERAL'}]"
300,"Staff is friendly , room is large , clean and comfortable .","[{'aspect': 'Staff', 'opinion': 'friendly', 'polarity': 'POS', 'category': 'SERVICE#HOSPITALITY'}, {'aspect': 'room', 'opinion': 'large', 'polarity': 'POS', 'category': 'ROOM#SPACE'}, {'aspect': 'room', 'opinion': 'clean', 'polarity': 'POS', 'category': 'ROOM#CLEANLINESS'}, {'aspect': 'room', 'opinion': 'comfortable', 'polarity': 'POS', 'category': 'ROOM#EXPERIENCE'}]"
